,mean,std,var
y1,7.500909090909093,2.031568135925815,4.127269090909091
y2,7.50090909090909,2.0316567355016177,4.127629090909091
y3,7.5,2.030423601123667,4.12262
y4,7.500909090909091,2.0305785113876023,4.123249090909091
